{"groups":{"1058984707":1058984707,"1084336883":1084336883,"1092736722":1092736722,"1082922835":1082922835},"1092736722":{"group_type":"SuperGroup","moderators":[],"set_owner":297663905,"long_id":"$05000000d2d6214179ddda36cac225eb","settings":{"lock_rtl":"no","flood":"yes","set_name":"🇲\u200c🇦\u200c🇷\u200c🇸\u200c🇭\u200c🇦\u200c🇱 گپ","public":"no","lock_sticker":"no","lock_spam":"yes","lock_tgservice":"yes","lock_link":"no","lock_contacts":"no","lock_arabic":"no","member":"no","strict":"no"}},"1082922835":{"group_type":"SuperGroup","moderators":[],"set_owner":245346349,"long_id":"$0500000053178c409a100393200f538b","settings":{"lock_rtl":"no","flood":"yes","set_name":"bax shir1","public":"no","lock_sticker":"no","lock_spam":"yes","lock_tgservice":"yes","lock_link":"yes","lock_contacts":"no","lock_arabic":"no","member":"no","strict":"no"}},"1058984707":{"group_type":"SuperGroup","moderators":{"196343989":"(at)Feriiiii_1376"},"set_owner":"196343989","long_id":"$0500000003d31e3ff21fb9e200282449","settings":{"username":"yes","lock_rtl":"no","flood":"yes","set_name":"ݒًِـــــًََِﺂتـــًًًَِِــــًَِِۋًـــقـــًََِ ڋًَڿًــــًٍِتـــًِږًﺂًَۈپـــًَََََِـــښًِڑًٍَِﺂًًًَِِ","public":"no","lock_spam":"yes","lock_sticker":"no","lock_contacts":"no","lock_arabic":"no","lock_tgservice":"yes","lock_link":"yes","member":"no","fosh":"yes","lock_fwd":"yes","strict":"no"}},"1084336883":{"group_type":"SuperGroup","moderators":{"305228828":"(at)Khaleq_the_bot"},"set_owner":253325809,"long_id":"$05000000f3aaa1407f11433d1c68e949","settings":{"set_link":"https://t.me/joinchat/AAAAAEChqvNe8aqAU1tGmg","flood":"no","english":"no","lock_fwd":"no","flood_msg_max":"20","all":"no","lock_tgservice":"no","username":"no","tag":"no","emoji":"no","lock_contacts":"no","strict":"no","lock_bots":"no","join":"no","operator":"no","media":"no","set_name":"اکیپ رفاقتی","public":"no","lock_rtl":"no","lock_sticker":"no","member":"no","lock_arabic":"no","leave":"no","lock_link":"no","lock_member":"no","fosh":"no","reply":"no","lock_spam":"no"}},"GBan_log":{"1084336883":"$05000000f3aaa1407f11433d1c68e949"}}